ag_name,ag_seq,cluster_id,no_homology
SARS-CoV2_Alpha,RVQPTESIVRFPNITNLCPFGEVFNATRFASVYAWNRKRISNCVADYSVLYNSASFSTFKCYGVSPTKLNDLCFTNVYADSFVIRGDEVRQIAPGQTGKIADYNYKLPDDFTGCVIAWNSNNLDSKVGGNYNYLYRLFRKSNLKPFERDISTEIYQAGSTPCNGVEGFNCYFPLQSYGFQPTYGVGYQPYRVVVLSFELLHAPATVCGPKKSTNLVKNKCVN,2,0
SARS-CoV2_Beta,RVQPTESIVRFPNITNLCPFGEVFNATRFASVYAWNRKRISNCVADYSVLYNSASFSTFKCYGVSPTKLNDLCFTNVYADSFVIRGDEVRQIAPGQTGNIADYNYKLPDDFTGCVIAWNSNNLDSKVGGNYNYLYRLFRKSNLKPFERDISTEIYQAGSTPCNGVKGFNCYFPLQSYGFQPTYGVGYQPYRVVVLSFELLHAPATVCGPKKSTNLVKNKCVN,2,0
SARS-CoV2_Gamma,RVQPTESIVRFPNITNLCPFGEVFNATRFASVYAWNRKRISNCVADYSVLYNSASFSTFKCYGVSPTKLNDLCFTNVYADSFVIRGDEVRQIAPGQTGTIADYNYKLPDDFTGCVIAWNSNNLDSKVGGNYNYLYRLFRKSNLKPFERDISTEIYQAGSTPCNGVKGFNCYFPLQSYGFQPTYGVGYQPYRVVVLSFELLHAPATVCGPKKSTNLVKNKCVN,2,0
SARS-CoV2_Kappa,RVQPTESIVRFPNITNLCPFGEVFNATRFASVYAWNRKRISNCVADYSVLYNSASFSTFKCYGVSPTKLNDLCFTNVYADSFVIRGDEVRQIAPGQTGKIADYNYKLPDDFTGCVIAWNSNNLDSKVGGNYNYRYRLFRKSNLKPFERDISTEIYQAGSTPCNGVQGFNCYFPLQSYGFQPTNGVGYQPYRVVVLSFELLHAPATVCGPKKSTNLVKNKCVN,2,0
SARS-CoV2_Omicron-BA2,RVQPTESIVRFPNITNLCPFDEVFNATRFASVYAWNRKRISNCVADYSVLYNFAPFFAFKCYGVSPTKLNDLCFTNVYADSFVIRGNEVSQIAPGQTGNIADYNYKLPDDFTGCVIAWNSNKLDSKVGGNYNYLYRLFRKSNLKPFERDISTEIYQAGNKPCNGVAGFNCYFPLRSYGFRPTYGVGHQPYRVVVLSFELLHAPATVCGPKKSTNLVKNKCVN,2,0
SARS-CoV2_Omicron-BA1,RVQPTESIVRFPNITNLCPFDEVFNATRFASVYAWNRKRISNCVADYSVLYNLAPFFTFKCYGVSPTKLNDLCFTNVYADSFVIRGDEVRQIAPGQTGNIADYNYKLPDDFTGCVIAWNSNKLDSKVSGNYNYLYRLFRKSNLKPFERDISTEIYQAGNKPCNGVAGFNCYFPLRSYSFRPTYGVGHQPYRVVVLSFELLHAPATVCGPKKSTNLVKNKCVN,2,0
OC43,NGYTVQPIADVYRRKPNLPNCNIEAWLNDKSVPSPLNWERKTFSNCNFNMSSLMSFIQADSFTCNNIDAAKIYGMCFSSITIDKFAIPNGRKVDLQLGNLGYLQSFNYRIDTTATSCQLYYNLPAANVSVSRFNPSTWNKRFGFIEDSVFKPRPAGVLTNHDVVYAQHCFKAPKNFCPCKLNGSCVGSGPGKNNGIGTCPAGTNYLTCDNLCTPDPITFTGTYKCPQTKSLVGIGEHCSGLAVKSDYCGGNSCTCRPQAFLGWSADSCLQGDKCNIFANFILHDVNSGLTCSTDLQK,1,1
MERS-CoV,AKPSGSVVEQAEGVECDFSPLLSGTPPQVYNFKRLVFTNCNYNLTKLLSLFSVNDFTCSQISPAAIASNCYSSLILDYFSYPLSMKSDLSVSSAGPISQFNYKQSFSNPTCLILATVPHNLTTITKPLKYSYINKCSRLLSDDRTEVPQLVNANQYSPCVSIVPSTVWEDGDYYRKQLSPLEGGGWLVASGSTVAMTEQLQMGFGITVQYGTDTNSVC,7,1
SARS-CoV2_Epsilon,RVQPTESIVRFPNITNLCPFGEVFNATRFASVYAWNRKRISNCVADYSVLYNSASFSTFKCYGVSPTKLNDLCFTNVYADSFVIRGDEVRQIAPGQTGKIADYNYKLPDDFTGCVIAWNSNNLDSKVGGNYNYRYRLFRKSNLKPFERDISTEIYQAGSTPCNGVEGFNCYFPLQSYGFQPTNGVGYQPYRVVVLSFELLHAPATVCGPKKSTNLVKNKCVN,2,0
SARS-CoV2_Eta,RVQPTESIVRFPNITNLCPFGEVFNATRFASVYAWNRKRISNCVADYSVLYNSASFSTFKCYGVSPTKLNDLCFTNVYADSFVIRGDEVRQIAPGQTGKIADYNYKLPDDFTGCVIAWNSNNLDSKVGGNYNYLYRLFRKSNLKPFERDISTEIYQAGSTPCNGVKGFNCYFPLQSYGFQPTNGVGYQPYRVVVLSFELLHAPATVCGPKKSTNLVKNKCVN,2,0
SARS-CoV2_Zeta,PTESIVRFPNITNLCPFGEVFNATRFASVYAWNRKRISNCVADYSVLYNSASFSTFKCYGVSPTKLNDLCFTNVYADSFVIRGDEVRQIAPGQTGKIADYNYKLPDDFTGCVIAWNSNNLDSKVGGNYNYLYRLFRKSNLKPFERDISTEIYQAGSTPCNGVEGFNCYFPLQSYGFQPTNGVGYQPYRVVVLSFELLHAPATVCGPKKSTNLVKNKCVN,2,0
SARS-CoV2_Iota,RVQPTESIVRFPNITNLCPFGEVFNATRFASVYAWNRKRISNCVADYSVLYNSASFSTFKCYGVSPTKLNDLCFTNVYADSFVIRGDEVRQIAPGQTGKIADYNYKLPDDFTGCVIAWNSNNLDSKVGGNYNYLYRLFRKSNLKPFERDISTEIYQAGSTPCNGVKGFNCYFPLQSYGFQPTNGVGYQPYRVVVLSFELLHAPATVCGPKKSTNLVKNKCVN,2,0
SARS-CoV2_Omicron-BA4,RVQPTESIVRFPNITNLCPFDEVFNATRFASVYAWNRKRISNCVADYSVLYNFAPFFAFKCYGVSPTKLNDLCFTNVYADSFVIRGNEVSQIAPGQTGNIADYNYKLPDDFTGCVIAWNSNKLDSKVGGNYNYRYRLFRKSNLKPFERDISTEIYQAGNKPCNGVAGVNCYFPLQSYGFRPTYGVGHQPYRVVVLSFELLHAPATVCGPKKSTNLVKNKCVN,2,0
SARS-CoV2_Omicron-BA5,RVQPTESIVRFPNITNLCPFDEVFNATRFASVYAWNRKRISNCVADYSVLYNFAPFFAFKCYGVSPTKLNDLCFTNVYADSFVIRGNEVSQIAPGQTGNIADYNYKLPDDFTGCVIAWNSNKLDSKVGGNYNYRYRLFRKSNLKPFERDISTEIYQAGNKPCNGVAGVNCYFPLQSYGFRPTYGVGHQPYRVVVLSFELLHAPATVCGPKKSTNLVKNKCVN,2,0
SARS-CoV2_Omicron-BA2.75,RVQPTESIVRFPNITNLCPFHEVFNATRFASVYAWNRKRISNCVADYSVLYNFAPFFAFKCYGVSPTKLNDLCFTNVYADSFVIRGNEVSQIAPGQTGNIADYNYKLPDDFTGCVIAWNSNKLDSKVSGNYNYLYRLFRKSKLKPFERDISTEIYQAGNKPCNGVAGFNCYFPLQSYGFRPTYGVGHQPYRVVVLSFELLHAPATVCGPKKSTNLVKNKCVN,2,0
RaTG13,RVQPTDSIVRFPNITNLCPFGEVFNATTFASVYAWNRKRISNCVADYSVLYNSTSFSTFKCYGVSPTKLNDLCFTNVYADSFVITGDEVRQIAPGQTGKIADYNYKLPDDFTGCVIAWNSKHIDAKEGGNFNYLYRLFRKANLKPFERDISTEIYQAGSKPCNGQTGLNCYYPLYRYGFYPTDGVGHQPYRVVVLSFELLNAPATVCGPKKSTNLVKNKCVN,2,0
PaGX,RVQPTISIVRFPNITNLCPFGEVFNASKFASVYAWNRKRISNCVADYSVLYNSTSFSTFKCYGVSPTKLNDLCFTNVYADSFVVKGDEVRQIAPGQTGVIADYNYKLPDDFTGCVIAWNSVKQDALTGGNYGYLYRLFRKSKLKPFERDISTEIYQAGSTPCNGQVGLNCYYPLERYGFHPTTGVNYQPFRVVVLSFELLNGPATVCGPKLSTTLVKDKCVN,3,0
A021,FTVEKGIYQTSNFRVQPTESIVRFPNITNLCPFGEVFNATSFASVYAWNRKRISNCVADYSVLYNSASFSTFKCYGVSPTKLNDLCFTNVYADSFVIRGDEVRQIAPGQTGKIADYNYKLPDDFTGCVIAWNSNNLDSKVGGNYNYRYRLFRKSNLKPFERDISTEIYQAGSTPCNGVEGFNCYFPLQSYGFQPTNGVGYQPYRVVVLSFELLHAPATVCG,2,0
Civet007-2004,RVVPSGDVVRFPNITNLCPFGEVFNATKFPSVYAWERKRISNCVADYSVLYNSTSFSTFKCYGVSATKLNDLCFSNVYADSFVVKGDDVRQIAPGQTGVIADYNYKLPDDFMGCVLAWNTRNIDATSTGNYNYKYRYLRHGKLRPFERDISNVPFSSDGKPCTPPAPNCYWPLRGYGFYTTSGIGYQPYRVVVLSFELLNAPATVCGPKLSTDLIKNQCVN,4,0
CS24,RVVPSGDVVRFPNITNLCPFGEVFNATKFPSVYAWERKKISNCVADYSVLYNSTFFSTFKCYGVSATKLNDLCFSNVYADSFVVKGDDVRQIAPGQTGVIADYNYKLPDDFMGCVLAWNTRNIDATSTGNYNYKYRYLRHGKLRPFERDISNVPFSPDGKPCTPPAPNCYWPLNDYGFYTTSGIGYQPYRVVVLSFELLNAPATVCGPKLSTDLIKNQCVN,4,0
Frankfurt-1,RVVPSGDVVRFPNITNLCPFGEVFNATKFPSVYAWERKKISNCVADYSVLYNSTFFSTFKCYGVSATKLNDLCFSNVYADSFVVKGDDVRQIAPGQTGVIADYNYKLPDDFMGCVLAWNTRNIDATSTGNYNYKYRYLRHGKLRPFERDISNVPFSPDGKPCTPPALNCYWPLNDYGFYTTTGIGYQPYRVVVLSFELLNAPATVCGPKLSTDLIKNQCVN,4,0
LYRa11,RVSPSKEVVRFPNITNLCPFGEVFNATTFPSVYAWERKRISNCVADYSVLYNSTSFSTFKCYGVSAIKLNDLCFSNVYADSFVVKGDDVRQIAPGQTGVIADYNYKLPDDFMGCVLAWNTRNIDATSSGNFNYKYRSLRHGKLRPFERDISNVPFSPDGKPCTPPAFNCYWPLNDYGFYTTNGIGYQPYRVVVLSFELLNAPATVCGPKLSTDLITNQCVN,4,0
Rs4231,RVAPSKEVVRFPNITNLCPFGEVFNATTFPSVYAWERKRISNCVADYSVLYNSTSFSTFKCYGVSATKLNDLCFSNVYADSFVVKGDDVRQIAPGQTGVIADYNYKLPDDFLGCVLAWNTNSKDSSTSGNYNYLYRWVRRSKLNPYERDLSNDIYSPGGQSCSAIGPNCYNPLRPYGFFTTAGVGHQPYRVVVLSFELLNAPATVCGPKLSTDLIKNQCVN,5,0
SHC014,RVAPSKEVVRFPNITNLCPFGEVFNATTFPSVYAWERKRISNCVADYSVLYNSTSFSTFKCYGVSATKLNDLCFSNVYADSFVVKGDDVRQIAPGQTGVIADYNYKLPDDFLGCVLAWNTNSKDSSTSGNYNYLYRWVRRSKLNPYERDLSNDIYSPGGQSCSAVGPNCYNPLRPYGFFTTAGVGHQPYRVVVLSFELLNAPATVCGPKLSTDLIKN,5,0
WIV1,RVAPSKEVVRFPNITNLCPFGEVFNATTFPSVYAWERKRISNCVADYSVLYNSTSFSTFKCYGVSATKLNDLCFSNVYADSFVVKGDDVRQIAPGQTGVIADYNYKLPDDFTGCVLAWNTRNIDATQTGNYNYKYRSLRHGKLRPFERDISNVPFSPDGKPCTPPAFNCYWPLNDYGFYITNGIGYQPYRVVVLSFELLNAPATVCGPKLSTDLIKNQCVN,4,0
HKU3-1,NITNRCPFDKVFNATRFPNVYAWERTKISDCVADYTVLYNSTSFSTFKCYGVSPSKLIDLCFTSVYADTFLIRSSEVRQVAPGETGVIADYNYKLPDDFTGCVIAWNTAKHDTGNYYYRSHRKTKLKPFERDLSSDDGNGVYTLSTYDFNPNVPVAYQATRVVVLSFELLNAPATVCGPKLST,10,0
Rs4081,RVSPTHEVVRFPNITNRCPFDKVFNASRFPNVYAWERTKISDCVADYTVLYNSTSFSTFKCYGVSPSKLIDLCFTSVYADTFLIRSSEVRQVAPGETGVIADYNYKLPDDFTGCVIAWNTAKQDQGQYYYRSSRKTKLKPFERDLTSDENGVRTLSTYDFYPNVPIEYQATRVVVLSFELLNAPATVCGPKLSTALVKNQCVNFN,10,0
LyRA3,RVSPSREVVRFPNITNLCPFGEVFNATTFPSVYAWERKRISNCVADYSVLYNSTSFSTFKCYGVSAIKLNDLCFSNVYADSFVVKGDDVRQIAPGQTGVIADYNYKLPDDFMGCVLAWNTRNIDATSSGNFHYKYRSLRHGKLRPFERDISNVPFSPDGKPCTPPAFNCYWPLNDYGFYTTNGIGYQPYRVVVLSFELLNAPATVCGPKLSTDLITNQCVN,4,0
Khosta2,RVSPSLDVVRFPNMTNICPFDQVFNKTQFPSVYAWERVRISDCVSDYTVLYNSSASFSTFKCYGVSPTKLNDLCFSGVYADYFVVKGDHVHQIAPGQTGVIADYNYKLPSEFVGCILAWNTRTIDSKRGFYYRLFRHGNIRPYERDTSNVPYNAAGGTCNQPGTHNCYEPLQDYGFTSTSGVGYQPFRVVVLSFELLNAPATVCGPKQSTDLVKNKCVN,6,1
GX-P2V-2017,RVQPTISIVRFPNITNLCPFGEVFNASKFASVYAWNRKRISNCVADYSVLYNSTSFSTFKCYGVSPTKLNDLCFTNVYADSFVVKGDEVRQIAPGQTGVIADYNYKLPDDFTGCVIAWNSVKQDALTGGNYGYLYRLFRKSKLKPFERDISTEIYQAGSTPCNGQVGLNCYYPLERYGFHPTTGVNYQPFRVVVLSFELLNGPATVCGPKLSTTLVKDKCVN,3,0
HKU1,SGFTVKPVATVHRRIPDLPDCDIDKWLNNFNVPSPLNWERKIFSNCNFNLSTLLRLVHTDSFSCNNFDESKIYGSCFKSIVLDKFAIPNSRRSDLQLGSSGFLQSSNYKIDTTSSSCQLYYSLPAINVTINNYNPSSWNRRYGFNNFNLSSHSVVYSRYCFSVNNTFCPCAKPSFASSCKSHKPPSASCPIGTNYRSCESTTVLDHTDWCRCSCLPDPITAYDPRSCSQKKSLVGVGEHCAGFGVDEEKCGVLDGSYNVSCLCSTDAFLGWSYDTCVSNNRCNIFSNFILNGINSGTTCSNDLLQ,0,1
HKU4,ATECDFSPMLTGVAPQVYNFKRLVFSNCNYNLTKLLSLFAVDEFSCNGISPDSIARGCYSTLTVDYFAYPLSMKSYIRPGSAGNIPLYNYKQSFANPTCRVMASVLANVTITKPHAYGYISKCSRLTGANQDVETPLYINPGEYSICRDFSPGGFSEDGQVFKRTLTQFEGGGLLIGVGTRVPMTDNLQMSFIISVQYGTGTDSVCPMLDLGDSLTIT,8,1
Pang17,RVQPTISIVRFPNITNLCPFGEVFNASKFASVYAWNRKRISNCVADYSVLYNSTSFSTFKCYGVSPTKLNDLCFTNVYADSFVVKGDEVRQIAPGQTGVIADYNYKLPDDFTGCVIAWNSVKQDALTGGNYGYLYRLFRKSKLKPFERDISTEIYQAGSTPCNGQVGLNCYYPLERYGFHPTTGVNYQPFRVVVLSFELLNGPATVCGPKLSTTLVKDKCVN,3,0
RC-o319,RVQPQDTVVRFPNITNLCPFSEVFNATTFASVYAWNRKRISNCVADYSVLYNSTSFSTFQCYGVSSTKLNDLCFTNVYADSFVVRGDEVRQIAPGQTGVIADYNYKLPDDFTGCVLAWNSRNQDASTSGNFNYYYRIWRSEKLRPFERDIAHYDYQVGTQFKSSLKNYGFYSSAGDSHQPYRVVVLSFELLNAPATVCGPKQSTELIKNKCVN,9,1
Rs3367,RVAPSKEVVRFPNITNLCPFGEVFNATTFPSVYAWERKRISNCVADYSVLYNSTSFSTFKCYGVSATKLNDLCFSNVYADSFVVKGDDVRQIAPGQTGVIADYNYKLPDDFTGCVLAWNTRNIDATQTGNYNYKYRSLRHGKLRPFERDISNVPFSPDGKPCTPPAFNCYWPLNDYGFYITNGIGYQPYRVVVLSFELLNAPATVCGPKLSTDLIKNQCVN,4,0
SARS-CoV,NITNLCPFGEVFNATKFPSVYAWERKKISNCVADYSVLYNSTFFSTFKCYGVSATKLNDLCFSNVYADSFVVKGDDVRQIAPGQTGVIADYNYKLPDDFMGCVLAWNTRNIDATSTGNYNYKYRYLRHGKLRPFERDISNVPFSPDGKPCTPPALNCYWPLNDYGFYTTTGIGYQPYRVVVLSFELLNAPAT,4,0
